<?xml version="1.0" encoding="UTF-8"?>
<root>
  <item name="com.google.android.exoplayer2.ext.mediasession.MediaSessionConnector ALL_PLAYBACK_ACTIONS">
    <annotation name="androidx.annotation.LongDef">
      <val name="flag" val="true" />
      <val name="value" val="{android.support.v4.media.session.PlaybackStateCompat.ACTION_PLAY_PAUSE, android.support.v4.media.session.PlaybackStateCompat.ACTION_PLAY, android.support.v4.media.session.PlaybackStateCompat.ACTION_PAUSE, android.support.v4.media.session.PlaybackStateCompat.ACTION_SEEK_TO, android.support.v4.media.session.PlaybackStateCompat.ACTION_FAST_FORWARD, android.support.v4.media.session.PlaybackStateCompat.ACTION_REWIND, android.support.v4.media.session.PlaybackStateCompat.ACTION_STOP, android.support.v4.media.session.PlaybackStateCompat.ACTION_SET_REPEAT_MODE, android.support.v4.media.session.PlaybackStateCompat.ACTION_SET_SHUFFLE_MODE}" />
    </annotation>
  </item>
  <item name="com.google.android.exoplayer2.ext.mediasession.MediaSessionConnector DEFAULT_PLAYBACK_ACTIONS">
    <annotation name="androidx.annotation.LongDef">
      <val name="flag" val="true" />
      <val name="value" val="{android.support.v4.media.session.PlaybackStateCompat.ACTION_PLAY_PAUSE, android.support.v4.media.session.PlaybackStateCompat.ACTION_PLAY, android.support.v4.media.session.PlaybackStateCompat.ACTION_PAUSE, android.support.v4.media.session.PlaybackStateCompat.ACTION_SEEK_TO, android.support.v4.media.session.PlaybackStateCompat.ACTION_FAST_FORWARD, android.support.v4.media.session.PlaybackStateCompat.ACTION_REWIND, android.support.v4.media.session.PlaybackStateCompat.ACTION_STOP, android.support.v4.media.session.PlaybackStateCompat.ACTION_SET_REPEAT_MODE, android.support.v4.media.session.PlaybackStateCompat.ACTION_SET_SHUFFLE_MODE}" />
    </annotation>
  </item>
  <item name="com.google.android.exoplayer2.ext.mediasession.MediaSessionConnector void setEnabledPlaybackActions(long) 0">
    <annotation name="androidx.annotation.LongDef">
      <val name="flag" val="true" />
      <val name="value" val="{android.support.v4.media.session.PlaybackStateCompat.ACTION_PLAY_PAUSE, android.support.v4.media.session.PlaybackStateCompat.ACTION_PLAY, android.support.v4.media.session.PlaybackStateCompat.ACTION_PAUSE, android.support.v4.media.session.PlaybackStateCompat.ACTION_SEEK_TO, android.support.v4.media.session.PlaybackStateCompat.ACTION_FAST_FORWARD, android.support.v4.media.session.PlaybackStateCompat.ACTION_REWIND, android.support.v4.media.session.PlaybackStateCompat.ACTION_STOP, android.support.v4.media.session.PlaybackStateCompat.ACTION_SET_REPEAT_MODE, android.support.v4.media.session.PlaybackStateCompat.ACTION_SET_SHUFFLE_MODE}" />
    </annotation>
  </item>
  <item name="com.google.android.exoplayer2.ext.mediasession.MediaSessionConnector.PlaybackActions">
    <annotation name="androidx.annotation.LongDef">
      <val name="flag" val="true" />
      <val name="value" val="{android.support.v4.media.session.PlaybackStateCompat.ACTION_PLAY_PAUSE, android.support.v4.media.session.PlaybackStateCompat.ACTION_PLAY, android.support.v4.media.session.PlaybackStateCompat.ACTION_PAUSE, android.support.v4.media.session.PlaybackStateCompat.ACTION_SEEK_TO, android.support.v4.media.session.PlaybackStateCompat.ACTION_FAST_FORWARD, android.support.v4.media.session.PlaybackStateCompat.ACTION_REWIND, android.support.v4.media.session.PlaybackStateCompat.ACTION_STOP, android.support.v4.media.session.PlaybackStateCompat.ACTION_SET_REPEAT_MODE, android.support.v4.media.session.PlaybackStateCompat.ACTION_SET_SHUFFLE_MODE}" />
    </annotation>
  </item>
</root>

